TheGirlSurvivalGuide,33970
uglyduckling,20589
BuyItForLife,122524
everymanshouldknow,152935
askphilosophy,21454
relationships,176375
koreanvariety,2043
mtgfinance,5887
avengedsevenfold,2608
Tulpa_Lounge,192
unixporn,15285
Showerthoughts,363043
Tulpas,5685
HistoryPorn,318394
picrequests,20886
autowikibot,159
WoWRolePlay,263
Atlanta,21254
YouShouldKnow,371107
geology,19936
Jeep,17529
UpliftingNews,192531
magicthecirclejerking,653
Jokes,447776
ImaginaryWesteros,10762
Stargate,14267
tanks,1209
Military,53593
Steam,127763
GunsAreCool,5962
litecoin,20834
prisonarchitect,8481
Celebs,83326
CrappyDesign,62068
askgaybros,7537
FCFeathercoinMining,519
Patriots,16746
techsupport,49187
Libertarian,111145
Themepark,3926
starcitizen,25679
SongStems,5621
LaTeX,6295
Paleo,66646
pcgaming,67841
totalwar,25263
gentlemanboners,249036
Cameras,2301
redditgetsdrawn,54465
DCcomics,33140
panamacity,350
MechanicAdvice,16826
AmISexy,24593
fatpeoplestories,81403
nba,181454
Foodforthought,122731
depression,74366
forwardsfromgrandma,35632
Warthunder,17938
TankPorn,3095
socialskills,82343
DebateReligion,20744
mindcrack,42662
worldnews,5594061
AskNetsec,6722
vexillology,21922
tattoos,276102
MotoG,1659
remee,270
legaladvice,18884
answers,75265
lgbt,87452
baseball,94823
wanttobelieve,3702
Ohio,6654
CodAW,2059
TopGear,90721
sanfrancisco,32479
wde,1197
Frugal,374906
Tabs,5660
AskTulpa,67
personalfinance,289139
creepy,299866
pics,5906166
ComicStupidity,415
advertising,13408
Ghosts,11196
HalfLife,14785
whitewater,2309
firefox,17038
hiking,23683
todayilearned,5696779
jailbreak,60383
TooAfraidToAsk,2963
castit,786
IdiotsFightingThings,84563
gundeals,11337
Firearms,18310
debatereligionmods,61
singing,11324
gonewildaudio,41325
HIMYM,88744
Korn,613
gonzo,2396
AskHistorians,287288
Drugs,163730
OutOfTheLoop,85782
airz23,5938
sports,1061276
archlinux,14564
ifyoulikeblank,35612
misleadingthumbnails,42307
WebGames,70446
JynxMaze,1170
battlefield_4,70465
GrandTheftAutoV,105119
tipofmytongue,98888
HistoricalWhatIf,45953
birdswitharms,69963
LifeProTips,901820
asoiaf,136226
AskMen,129513
piano,25546
science,5549205
movies,4745202
TF2LFT,1210
MMA,76776
history,326843
weightroom,50142
gamernews,87201
nursing,15379
programming,524610
IBD,1171
gadgets,301954
workaholics,40575
Brewers,2929
CampingandHiking,63899
asmr,73707
techsupportmacgyver,31912
MURICA,128009
Planetside,33098
needadvice,17023
TwelveSteps,6
RealGirls,298125
Coachella,7086
scifi,189937
nyc,64770
raleigh,5280
gaming,5175647
askscience,2642403
EASportsUFC,192
philosophy,291664
mac,28555
dogpictures,52180
short,10791
oculus,28421
JenniferLawrence,39833
wwenetwork,1959
SWORDS,5252
django,10215
Shitstatistssay,4396
UkrainianConflict,14260
streetwear,14727
ImGoingToHellForThis,336135
Nerf,6434
shield,14694
DoesAnybodyElse,215013
geopolitics,12023
electronic_cigarette,53340
diablo3,53693
CredibleDefense,4199
london,28369
dataisbeautiful,317588
csharp,12645
milwaukee,5873
islam,17074
LucidDreaming,111579
gaybros,39636
fossworldproblems,3979
nostalgia,94671
startrek,77483
justneckbeardthings,29074
AndroidQuestions,14385
StonerEngineering,43965
Bioshock,35899
WTF,4366335
CODClanHQ,265
soccer,208055
TheRedLion,2874
MilitaryPorn,66877
linuxquestions,10505
electronicmusic,97950
childfree,44270
smallbusiness,19865
food,483156
wtfart,15461
daddit,24665
shittydarksouls,3541
NoStupidQuestions,38839
UKJobs,1784
halo,70558
creepyPMs,112577
nfl,267384
Watches,38176
windows8,13863
AdviceAnimals,4288699
kobo,456
antibaw,13718
arrow,19005
minimalism,116913
mildlyinteresting,719099
england,3798
TrollXChromosomes,60113
Shotokan,22
Rateme,20994
Offensive_Wallpapers,44876
books,2199779
TwoXChromosomes,273074
tifu,308779
popping,38528
canada,139091
SNSD,10223
htcone,6573
DunderMifflin,48245
SexPositive,14259
entertainment,156758
WoT,8318
shittyfoodporn,47903
malefashionadvice,375733
AnimalsBeingJerks,160243
LearnUselessTalents,167732
leagueoflegends,485808
RoomPorn,187856
tf2,122640
DarkSouls2,48090
trypophobia,5740
bestof,4778163
wisconsin,10221
hackintosh,9431
cissp,832
Metal,82740
dotnet,7946
vinyl,51689
Roadcam,17843
Buffalo,4715
youtubehaiku,105020
dayz,104355
Houseporn,18782
csgobetting,14202
computers,9526
punk,28846
zombiemanic,496
hypnosis,2458
dogecoin,86689
ravergirl,4594
neopets,7576
GirlsFinishingTheJob,76327
OpiatesRecovery,2836
wtfstockphotos,12401
steroids,8080
Afterschool,304
TheAmazingRace,1577
theonlycolors,727
pokemon,346040
gonewildcurvy,100392
longboarding,41692
i3wm,718
OldSchoolCool,251478
doge,27169
girls,6198
AdvancedFitness,24218
Autos,54335
shittyadvice,52378
aves,14766
explainlikeimfive,2459783
CombatFootage,41308
Metroid,6791
collapse,34033
GODZILLA,9457
Battlecon,51
mildlyinfuriating,140670
madmen,35079
DeadBedroomHookUps,140
skyrim,232603
1911,4338
Christianity,81145
jquery,10569
Battlefield,20783
television,1962479
thatHappened,126704
typography,31647
CODGhosts,14293
knives,32288
KerbalSpaceProgram,71209
russia,8704
Cartalk,16676
formula1,57659
Blink182,7797
FoodPorn,282753
CFB,86007
sysadmin,71961
kara,553
PussyPass,4860
redsox,12207
HighQualityGifs,27551
Oscars,318
self,126602
IAmA,5503096
ATVS,456
Watercolor,5460
Parenting,59021
marchingband,4472
britishproblems,69953
UnresolvedMysteries,44666
RPI,3150
nonononoyes,93587
firefly,64145
dayton,2100
edmproduction,37528
aws,2752
offmychest,113377
Games,465456
INTP,11727
progresspics,87990
hearthstone,127392
ENFP,3029
Minecraft,388230
RBA,6456
windows,30975
TumblrInAction,87238
tech,51689
beadsprites,9018
lowcar,5663
HailCorporate,35828
wow,142205
IDAP,26164
TrueReddit,289063
boardgames,64994
golf,34402
Justrolledintotheshop,76248
GWCouples,54703
photocritique,25407
runescape,29145
fffffffuuuuuuuuuuuu,589312
guineapigs,5356
PoliticalDiscussion,32955
counterstrike,14275
bodybuilding,64487
ruger,1205
DrunkOrAKid,49633
nameaserver,396
communism,9735
crossfit,25259
TheBluePill,12585
justice,1361
Sacramento,6301
printSF,16077
harrypotter,148574
booksuggestions,39202
whowouldwin,34653
hockey,146551
vikingstv,5634
AsianHotties,72961
CCW,16103
ipad,35970
Anxiety,39900
shutupandtakemymoney,186575
MakeStories,5710
gonewild,601719
JusticePorn,271950
trees,589793
smashbros,54592
bitchimabus,34558
lostgeneration,17131
Fitness,609470
feminisms,22728
beards,68012
homestead,32309
spikes,10142
motorcycles,94089
progressive,32377
FolkPunk,7240
progun,12502
guns,170753
WeAreTheMusicMakers,86663
penguins,7222
makemychoice,18831
nsfw,423760
PHP,28914
cringe,245777
StarWars,172643
peercoin,3239
AskWomen,138757
EngineeringStudents,30959
TheRedPill,52223
mechanical_gifs,13195
roosterteeth,76218
PS3,65359
Android,395757
analog,10537
firstworldanarchists,207476
OldSchoolRidiculous,971
Dodgers,6151
truegaming,113224
inyourveins,3
breakingbad,216905
olympics,36124
pcmasterrace,139304
Republican,13765
magicTCG,92393
steelers,8446
korea,11931
jobs,50035
GlobalOffensive,64616
titanfall,36831
facepalm,277708
batman,100125
news,2895171
baldursgate,4364
SteamTradingCards,4708
keto,105336
RedditDayOf,44914
undelete,19663
allthingszerg,7779
relationship_advice,80667
familyguy,19579
itookapicture,130186
GetMotivated,425184
baltimore,11200
buildapc,201021
drunk,90831
xxfitness,45015
reactiongifs,375857
community,135708
Music,4572824
Documentaries,298151
rpg,68193
linux,146744
CivClicker,579
electricdaisycarnival,4596
BPD,3828
trolling,1342
cycling,11311
theoffice,10501
Gunners,23396
California,17544
ketorecipes,37232
HomeImprovement,29347
k12sysadmin,698
woahdude,556607
fatlogic,28017
drumline,896
MakeupAddiction,165083
FREE,6162
marvelstudios,12529
oddlysatisfying,142951
Unexpected,230503
TrueAskReddit,67554
MapPorn,165883
aviation,39349
argentina,5284
WritingPrompts,187596
darksouls,60211
sex,442350
ASKParanormal,1080
Perfectfit,28331
offbeat,291580
conspiracy,232393
worstof,30191
ICanDrawThat,20601
windowsphone,31201
rap,11272
stopdrinking,16332
Cooking,235594
RandomActsOfBlowJob,21093
hardware,53273
DIY,562400
webdev,60672
Judaism,8165
AusFemaleFashion,484
technology,5041432
shorthairedhotties,21538
starcraft,160984
Horses,7954
funny,5982339
airsoft,14162
ChristopherHitchens,3142
Python,71958
PennyDreadful,622
WorldofTanks,16783
FilmFaces,3001
SluttySketchbook,16
ArtefactPorn,20198
VargasOrNot,303
starcrossed,91
watchpeopledie,35838
TheDarkTower,7386
Nisekoi,895
Whatcouldgowrong,113122
talesfromtechsupport,157434
Anarchism,48989
nin,6349
see,29886
AlisonBrie,31294
birthcontrol,3985
ios,9799
running,118733
diabetes,7432
unpopularopinion,631
eCards,27658
HumanPorn,89983
ArtistLounge,1848
preppers,11151
anime,166999
Portland,36882
AskEngineers,28808
LifeCam,3543
iphone,105708
TagPro,8739
AskSocialScience,43137
PublicFreakout,21587
Boxing,16553
AerospaceEngineering,489
Bitcoin,120983
rupaulsdragrace,8307
dadjokes,149217
GTAV,30355
InternetIsBeautiful,308804
carporn,86846
TalesFromRetail,117218
minnesotavikings,8141
TulpaIAMA,19
quityourbullshit,61950
audioengineering,31229
ProtectAndServe,14435
pharmacy,6365
blog,5648872
AsianParentStories,6555
Diablo,108439
Fallout,124790
Playdate,12467
esports,6260
Fabrics,1275
AnimalsBeingDerps,34388
Shitty_Car_Mods,41547
australia,69056
Lettering,7690
AskDad,1864
cringepics,379414
belgium,4709
iamverysmart,19098
vim,16423
mtgjudge,1224
gifs,2773893
Art,303036
lost,28946
Paranormal,52609
4chan,450118
AskReddit,5826659
amateurfights,14389
Enhancement,60714
zombies,83502
BackgroundArt,10229
MTGLegacy,1950
DesignPorn,64946
gardening,78957
EarthPorn,2314704
MechanicalKeyboards,32621
HPMOR,5571
NetflixBestOf,174056
xboxone,49253
interestingasfuck,126083
SkyRe,225
TumblrAtRest,2278
gameofthrones,368217
AskNYC,5032
SkincareAddiction,79880
oblivion,14014
PS4,85942
Frozen,10293
Gunsforsale,10339
lifehacks,277000
SubredditDrama,123548
DeadBedrooms,13921
business,164168
Favors,27379
Economics,178597
circlejerk,204325
whitepeoplegifs,56061
Cynicalbrit,31525
promos,6449
SuperShibe,60961
VillagePorn,39178
orphanblack,4671
ripcity,3790
wheredidthesodago,272843
germany,16201
GameDeals,207803
amiugly,41576
cambridge,1165
CrohnsDisease,4613
hiphopheads,185990
bjj,19112
Animesuggest,15472
Sneakers,24863
Warhammer40k,10626
Calgary,11183
Korean,7404
SimCity,26287
RedBandSociety,1
loseit,212415
CrazyIdeas,121791
networking,32397
Bad_Cop_No_Donut,56751
SquaredCircle,42916
FlashTV,2933
Illustration,13264
MorbidReality,153221
cats,191406
sabaton,238
Brogress,13270
raisedbynarcissists,28267
InTheFlesh,134
happy,80327
TrueBlood,17327
spicy,16984
firstimpression,11910
FirefoxAddons,663
entgaming,5255
accountt1234,79
rollercoasters,4310
Hair,12167
aww,4483385
NoFap,105837
Austin,34477
ProgrammerHumor,32683
Marvel,50866
Random_Acts_Of_Amazon,22068
rage,82596
sixwordstories,20684
BritishTV,18276
LinuxCirclejerk,1126
BustyPetite,100001
castles,23354
CompetitiveHS,9840
Design,92413
videos,5207708
WastedGifs,49239
Cthulhu,4860
engineering,68745
politics,3083032
Dogtraining,20160
AskUK,6044
SSBPM,8384
bicycling,118817
communism101,2993
nrl,3488
circlebroke,26011
zelda,106062
nottheonion,360459
tabletopgamedesign,5628
poor,299
hockeyplayers,3543
WetAndMessy,2746
SuicideWatch,27759
football,16058
queensuniversity,1407
socialanxiety,18030
sociology,16217
gamemusic,29717
comicbooks,106715
debian,8016
flstudio,2164
somethingimade,76900
AirForce,8676
stonerrock,11476
GirlGamers,22488
cosplaygirls,80709
NCSU,2713
space,434627
SketchDaily,26654
ottawa,11755
atheism,2083935
terriblefacebookmemes,17438
coloradovapers,14
